<?xml version="1.0" encoding="UTF-8"?>
<project xmlns="http://maven.apache.org/POM/4.0.0" xmlns:xsi="http://www.w3.org/2001/XMLSchema-instance" xsi:schemaLocation="http://maven.apache.org/POM/4.0.0 http://maven.apache.org/maven-v4_0_0.xsd">
  <parent>
    <artifactId>apache-curator</artifactId>
    <groupId>org.apache.curator</groupId>
    <version>2.11.2-SNAPSHOT</version>
  </parent>
  <modelVersion>4.0.0</modelVersion>
  <artifactId>curator-client</artifactId>
  <packaging>bundle</packaging>
  <name>Curator Client</name>
  <version>2.11.2-SNAPSHOT</version>
  <description>Low-level API</description>
  <inceptionYear>2011</inceptionYear>
  <build>
    <plugins>
      <plugin>
        <artifactId>maven-shade-plugin</artifactId>
        <executions>
          <execution>
            <id>apache-curator-client-guava-shader</id>
            <phase>package</phase>
            <goals>
              <goal>shade</goal>
            </goals>
            <configuration>
              <artifactSet>
                <includes>
                  <include>com.google.guava:guava</include>
                </includes>
              </artifactSet>
              <filters>
                <filter>
                  <artifact>com.google.guava:guava</artifact>
                  <excludes>
                    <exclude>com/google/common/base/Function.class</exclude>
                    <exclude>com/google/common/base/Predicate.class</exclude>
                    <exclude>com/google/common/reflect/TypeToken.class</exclude>
                    <exclude>META-INF/**</exclude>
                  </excludes>
                </filter>
              </filters>
            </configuration>
          </execution>
        </executions>
      </plugin>
    </plugins>
  </build>
  <dependencies>
    <dependency>
      <groupId>org.apache.zookeeper</groupId>
      <artifactId>zookeeper</artifactId>
      <version>3.4.8</version>
      <scope>compile</scope>
      <exclusions>
        <exclusion>
          <artifactId>jmxri</artifactId>
          <groupId>com.sun.jmx</groupId>
        </exclusion>
        <exclusion>
          <artifactId>jmxtools</artifactId>
          <groupId>com.sun.jdmk</groupId>
        </exclusion>
        <exclusion>
          <artifactId>jms</artifactId>
          <groupId>javax.jms</groupId>
        </exclusion>
        <exclusion>
          <artifactId>junit</artifactId>
          <groupId>junit</groupId>
        </exclusion>
        <exclusion>
          <artifactId>slf4j-log4j12</artifactId>
          <groupId>org.slf4j</groupId>
        </exclusion>
      </exclusions>
    </dependency>
    <dependency>
      <groupId>org.slf4j</groupId>
      <artifactId>slf4j-api</artifactId>
      <version>1.7.6</version>
      <scope>compile</scope>
    </dependency>
    <dependency>
      <groupId>org.mockito</groupId>
      <artifactId>mockito-core</artifactId>
      <version>1.9.5</version>
      <scope>test</scope>
      <exclusions>
        <exclusion>
          <artifactId>hamcrest-core</artifactId>
          <groupId>org.hamcrest</groupId>
        </exclusion>
        <exclusion>
          <artifactId>objenesis</artifactId>
          <groupId>org.objenesis</groupId>
        </exclusion>
      </exclusions>
    </dependency>
    <dependency>
      <groupId>org.apache.curator</groupId>
      <artifactId>curator-test</artifactId>
      <version>2.11.2-SNAPSHOT</version>
      <scope>test</scope>
      <exclusions>
        <exclusion>
          <artifactId>javassist</artifactId>
          <groupId>org.javassist</groupId>
        </exclusion>
        <exclusion>
          <artifactId>commons-math</artifactId>
          <groupId>org.apache.commons</groupId>
        </exclusion>
      </exclusions>
    </dependency>
    <dependency>
      <groupId>org.testng</groupId>
      <artifactId>testng</artifactId>
      <version>6.8.8</version>
      <scope>test</scope>
      <exclusions>
        <exclusion>
          <artifactId>bsh</artifactId>
          <groupId>org.beanshell</groupId>
        </exclusion>
        <exclusion>
          <artifactId>jcommander</artifactId>
          <groupId>com.beust</groupId>
        </exclusion>
      </exclusions>
    </dependency>
    <dependency>
      <groupId>org.slf4j</groupId>
      <artifactId>slf4j-log4j12</artifactId>
      <version>1.7.6</version>
      <scope>test</scope>
    </dependency>
  </dependencies>
  <properties>
    <osgi.export.package>org.apache.curator*;version="${project.version}";-noimport:=true</osgi.export.package>
    <osgi.import.package>*</osgi.import.package>
  </properties>
</project>

